-- phpMyAdmin SQL Dump
-- version 4.1.14
-- http://www.phpmyadmin.net
--
-- Host: 127.0.0.1
-- Generation Time: Feb 15, 2015 at 02:32 PM
-- Server version: 5.6.17
-- PHP Version: 5.5.12

SET SQL_MODE = "NO_AUTO_VALUE_ON_ZERO";
SET time_zone = "+00:00";


/*!40101 SET @OLD_CHARACTER_SET_CLIENT=@@CHARACTER_SET_CLIENT */;
/*!40101 SET @OLD_CHARACTER_SET_RESULTS=@@CHARACTER_SET_RESULTS */;
/*!40101 SET @OLD_COLLATION_CONNECTION=@@COLLATION_CONNECTION */;
/*!40101 SET NAMES utf8 */;

--
-- Database: `hmsaaa`
--

-- --------------------------------------------------------

--
-- Table structure for table `hmsaaaappointments`
--

CREATE TABLE IF NOT EXISTS `hmsaaaappointments` (
  `APID` int(20) NOT NULL AUTO_INCREMENT,
  `APPtID` int(20) NOT NULL,
  `APDcID` int(20) NOT NULL,
  `APDate` date NOT NULL,
  `APTime` time(6) NOT NULL,
  `APDealt` tinyint(2) NOT NULL,
  PRIMARY KEY (`APID`),
  UNIQUE KEY `APID` (`APID`)
) ENGINE=InnoDB  DEFAULT CHARSET=latin1 AUTO_INCREMENT=1046 ;

--
-- Dumping data for table `hmsaaaappointments`
--

INSERT INTO `hmsaaaappointments` (`APID`, `APPtID`, `APDcID`, `APDate`, `APTime`, `APDealt`) VALUES
(1, 1, 6, '2014-12-17', '13:00:00.000000', 2),
(2, 5, 6, '2014-12-17', '01:20:00.000000', 1),
(4, 5, 6, '2014-12-17', '01:10:00.000000', 1),
(5, 8, 7, '2014-12-17', '01:20:00.000000', 1),
(6, 11, 10, '2014-12-17', '13:30:00.000000', 1),
(8, 1, 13, '2014-12-17', '14:40:00.000000', 0),
(1004, 8, 13, '2014-12-17', '14:40:00.000000', 2),
(1005, 15, 13, '2014-12-17', '23:10:00.000000', 0),
(1006, 8, 13, '2014-12-17', '13:20:00.000000', 2),
(1007, 15, 7, '2014-12-17', '13:50:00.000000', 2),
(1009, 5, 10, '2014-12-17', '12:30:00.000000', 1),
(1010, 5, 16, '2014-12-17', '15:40:00.000000', 0),
(1011, 8, 10, '2014-12-17', '11:11:00.000000', 2),
(1012, 11, 16, '2014-12-17', '16:50:00.000000', 2),
(1014, 15, 10, '2014-12-17', '11:22:00.000000', 0),
(1015, 1, 16, '2014-12-17', '15:41:00.000000', 2),
(1016, 1, 10, '2014-12-17', '13:35:00.000000', 1),
(1017, 8, 16, '2014-12-17', '15:42:00.000000', 2),
(1018, 1, 13, '2014-12-17', '15:21:00.000000', 2),
(1019, 8, 13, '2014-12-17', '15:45:00.000000', 2),
(1020, 5, 16, '2014-12-17', '14:26:00.000000', 0),
(1021, 5, 16, '2014-12-17', '15:45:00.000000', 0),
(1022, 1, 16, '2014-12-17', '15:50:00.000000', 2),
(1023, 1, 16, '2014-12-17', '11:11:00.000000', 1),
(1024, 5, 13, '2014-12-17', '11:11:00.000000', 2),
(1025, 5, 16, '2014-12-17', '16:44:00.000000', 0),
(1026, 1, 16, '2014-12-17', '11:12:00.000000', 2),
(1027, 1, 13, '2014-12-17', '16:25:00.000000', 0),
(1028, 5, 16, '2014-12-17', '15:40:00.000000', 0),
(1029, 1, 13, '2014-12-17', '16:44:00.000000', 0),
(1030, 5, 16, '2014-12-17', '15:41:00.000000', 0),
(1031, 1, 6, '2014-12-17', '14:22:00.000000', 2),
(1032, 15, 14, '2014-12-17', '14:22:00.000000', 2),
(1033, 20, 13, '2014-12-17', '14:22:00.000000', 0),
(1034, 20, 10, '2014-12-17', '09:44:00.000000', 1),
(1035, 1, 6, '2014-12-17', '13:11:00.000000', 1),
(1036, 17, 12, '2014-12-17', '14:22:00.000000', 0),
(1037, 17, 13, '2014-12-17', '13:00:00.000000', 2),
(1038, 17, 13, '2014-12-17', '13:01:00.000000', 0),
(1039, 17, 13, '2014-12-17', '16:02:00.000000', 0),
(1040, 11, 14, '2014-12-17', '13:00:00.000000', 1),
(1041, 15, 7, '2014-12-25', '14:10:00.000000', 1),
(1042, 15, 7, '2014-12-29', '11:11:00.000000', 1),
(1043, 11, 7, '2015-01-01', '16:44:00.000000', 0),
(1044, 15, 14, '2015-01-01', '13:00:00.000000', 0),
(1045, 17, 13, '2015-01-25', '09:01:00.000000', 0);

-- --------------------------------------------------------

--
-- Table structure for table `hmsaaaappointmentsrl`
--

CREATE TABLE IF NOT EXISTS `hmsaaaappointmentsrl` (
  `APID` int(50) NOT NULL AUTO_INCREMENT,
  `APPtID` int(30) NOT NULL,
  `APDcID` int(30) NOT NULL,
  `APDate` date NOT NULL,
  `APTime` time NOT NULL,
  `APTkn` int(30) NOT NULL,
  `APDealt` smallint(10) NOT NULL,
  PRIMARY KEY (`APID`),
  UNIQUE KEY `APID` (`APID`)
) ENGINE=InnoDB  DEFAULT CHARSET=latin1 AUTO_INCREMENT=89 ;

--
-- Dumping data for table `hmsaaaappointmentsrl`
--

INSERT INTO `hmsaaaappointmentsrl` (`APID`, `APPtID`, `APDcID`, `APDate`, `APTime`, `APTkn`, `APDealt`) VALUES
(1, 5, 6, '2014-12-03', '06:30:03', 1, 0),
(2, 1, 6, '2014-12-03', '06:30:07', 2, 0),
(3, 8, 10, '2014-12-03', '06:30:11', 3, 0),
(4, 1, 6, '2014-12-03', '06:30:15', 4, 0),
(5, 5, 6, '2014-12-03', '06:30:19', 5, 0),
(6, 1, 10, '2014-12-03', '06:30:23', 6, 0),
(7, 5, 13, '2014-12-03', '06:30:26', 7, 0),
(8, 8, 13, '2014-12-03', '06:30:30', 8, 0),
(11, 8, 6, '2014-12-03', '06:32:53', 9, 0),
(12, 11, 13, '2014-12-03', '06:32:59', 10, 0),
(13, 5, 10, '2014-12-03', '06:33:02', 11, 0),
(14, 1, 16, '2014-12-03', '07:21:49', 12, 0),
(15, 11, 10, '2014-12-03', '07:21:53', 13, 0),
(16, 8, 7, '2014-12-03', '07:21:57', 14, 0),
(17, 15, 7, '2014-12-03', '07:22:00', 15, 0),
(18, 5, 16, '2014-12-03', '07:22:04', 16, 0),
(19, 5, 16, '2014-12-03', '07:22:08', 17, 0),
(20, 1, 13, '2014-12-03', '07:22:12', 18, 0),
(21, 1, 7, '2014-12-09', '09:44:39', 1, 0),
(22, 1, 12, '2014-12-09', '12:59:22', 2, 0),
(23, 1, 6, '2014-12-14', '11:04:05', 1, 0),
(24, 8, 10, '2014-12-14', '11:05:16', 2, 0),
(25, 1, 16, '2014-12-14', '11:05:20', 3, 0),
(26, 1, 16, '2014-12-14', '11:05:37', 4, 0),
(27, 15, 10, '2014-12-14', '11:06:06', 5, 0),
(28, 5, 10, '2014-12-14', '11:06:43', 6, 0),
(29, 5, 16, '2014-12-14', '11:06:50', 7, 0),
(30, 20, 10, '2014-12-14', '11:07:00', 8, 0),
(31, 5, 13, '2014-12-14', '11:07:06', 9, 0),
(32, 5, 6, '2014-12-14', '11:10:13', 10, 0),
(33, 8, 7, '2014-12-14', '11:10:30', 11, 0),
(34, 8, 13, '2014-12-14', '11:11:43', 12, 0),
(35, 1, 10, '2014-12-14', '11:11:48', 13, 0),
(36, 20, 13, '2014-12-14', '11:11:56', 14, 0),
(37, 5, 16, '2014-12-14', '11:12:04', 15, 0),
(38, 8, 14, '2014-12-14', '11:46:29', 16, 0),
(39, 1, 13, '2014-12-14', '12:58:29', 17, 0),
(40, 1, 6, '2014-12-14', '12:58:33', 18, 0),
(41, 8, 13, '2014-12-14', '12:58:38', 19, 0),
(42, 8, 13, '2014-12-14', '12:58:48', 20, 0),
(43, 5, 16, '2014-12-14', '13:14:20', 21, 0),
(44, 8, 6, '2014-12-14', '18:34:12', 22, 0),
(45, 1, 6, '2014-12-14', '20:56:25', 23, 0),
(46, 1, 7, '2014-12-14', '20:30:15', 24, 0),
(47, 1, 14, '2014-12-14', '20:30:00', 25, 0),
(48, 1, 14, '2014-12-14', '20:32:00', 26, 0),
(49, 5, 16, '2014-12-14', '20:32:24', 27, 0),
(50, 1, 13, '2014-12-14', '20:32:00', 28, 0),
(51, 5, 14, '2014-12-14', '20:34:00', 29, 0),
(52, 8, 13, '2014-12-14', '20:35:00', 30, 0),
(53, 8, 13, '2014-12-14', '20:36:00', 31, 0),
(54, 11, 12, '2014-12-14', '20:40:13', 32, 0),
(55, 1, 16, '2014-12-14', '20:41:44', 33, 0),
(56, 5, 16, '2014-12-14', '20:42:02', 34, 0),
(57, 1, 13, '2014-12-14', '20:43:28', 35, 0),
(58, 8, 14, '2014-12-15', '09:45:29', 1, 0),
(59, 8, 7, '2014-12-15', '11:48:31', 2, 0),
(60, 20, 10, '2014-12-15', '11:48:43', 3, 0),
(61, 20, 10, '2014-12-15', '11:48:48', 4, 0),
(62, 1, 16, '2014-12-15', '11:59:07', 5, 0),
(63, 5, 14, '2014-12-15', '12:00:21', 6, 0),
(64, 1, 6, '2014-12-15', '12:00:36', 7, 0),
(65, 5, 6, '2014-12-15', '12:03:45', 8, 0),
(66, 5, 6, '2014-12-15', '12:05:43', 9, 0),
(67, 11, 10, '2014-12-15', '12:11:18', 10, 0),
(68, 1, 10, '2014-12-15', '12:11:50', 11, 0),
(69, 21, 6, '2014-12-15', '12:29:14', 12, 0),
(70, 20, 12, '2014-12-15', '16:51:49', 13, 0),
(71, 1, 6, '2014-12-15', '16:53:00', 14, 0),
(72, 5, 10, '2014-12-15', '16:53:09', 15, 0),
(73, 5, 14, '2014-12-15', '17:59:09', 16, 0),
(74, 15, 10, '2014-12-16', '12:46:34', 1, 0),
(75, 5, 6, '2014-12-16', '12:48:48', 2, 0),
(76, 11, 14, '2014-12-16', '12:57:24', 3, 0),
(77, 5, 12, '2014-12-18', '14:31:08', 1, 0),
(78, 18, 14, '2014-12-18', '14:31:44', 2, 0),
(79, 18, 7, '2014-12-25', '08:52:54', 1, 0),
(80, 15, 12, '2014-12-25', '08:54:14', 2, 0),
(81, 1, 6, '2014-12-25', '09:03:54', 3, 0),
(82, 1, 6, '2014-12-28', '22:39:42', 1, 0),
(83, 15, 14, '2014-12-28', '22:40:16', 2, 0),
(84, 15, 7, '2014-12-29', '08:44:46', 1, 0),
(85, 1, 6, '2015-01-01', '19:20:58', 1, 0),
(86, 11, 13, '2015-02-02', '14:14:56', 1, 0),
(87, 18, 13, '2015-02-02', '14:15:01', 2, 0),
(88, 11, 16, '2015-02-02', '14:15:10', 3, 0);

-- --------------------------------------------------------

--
-- Table structure for table `hmsaaabillsp`
--

CREATE TABLE IF NOT EXISTS `hmsaaabillsp` (
  `PRBID` int(20) NOT NULL,
  `PRBPtID` int(20) NOT NULL,
  `PRBDcFee` int(30) NOT NULL,
  `PRBTotal` int(50) NOT NULL,
  `PRBPaid` int(50) NOT NULL,
  `PRBDate` date NOT NULL,
  `PRBTime` time(6) NOT NULL,
  `PRBDiscount` int(20) NOT NULL,
  PRIMARY KEY (`PRBID`),
  UNIQUE KEY `PRBID` (`PRBID`)
) ENGINE=InnoDB DEFAULT CHARSET=latin1;

--
-- Dumping data for table `hmsaaabillsp`
--

INSERT INTO `hmsaaabillsp` (`PRBID`, `PRBPtID`, `PRBDcFee`, `PRBTotal`, `PRBPaid`, `PRBDate`, `PRBTime`, `PRBDiscount`) VALUES
(22, 1, 100, 100, 100, '2014-12-05', '12:30:28.000000', 0),
(23, 5, 100, 166, 156, '2014-12-05', '23:06:08.000000', 0),
(24, 1, 100, 337, 337, '2014-12-05', '12:57:34.000000', 0),
(25, 5, 100, 211, 200, '2014-12-05', '22:42:48.000000', 0),
(26, 8, 100, 110, 0, '2014-12-05', '13:02:56.000000', 0),
(27, 11, 100, 115, 115, '2014-12-05', '13:02:37.000000', 0),
(28, 1, 100, 190, 190, '2014-12-05', '13:02:09.000000', 0),
(29, 1, 100, 130, 130, '2014-12-06', '11:25:32.000000', 0),
(30, 5, 100, 130, 120, '2014-12-07', '10:45:37.000000', 0),
(31, 1, 100, 145, 142, '2014-12-07', '10:40:52.000000', 0),
(32, 5, 100, 115, 111, '2014-12-07', '10:39:22.000000', 0),
(33, 8, 100, 130, 130, '2014-12-07', '10:40:05.000000', 0),
(34, 11, 100, 127, 127, '2014-12-07', '10:41:38.000000', 0),
(35, 1, 100, 110, 0, '2014-12-07', '10:44:19.000000', 0),
(36, 1, 100, 100, 0, '2014-12-07', '10:36:10.000000', 0),
(37, 5, 100, 184, 184, '2014-12-07', '10:51:59.000000', 0),
(38, 1, 100, 115, 112, '2014-12-07', '10:47:53.000000', 0),
(39, 5, 100, 110, 110, '2014-12-07', '10:51:38.000000', 0),
(40, 8, 100, 166, 150, '2014-12-07', '10:51:08.000000', 0),
(41, 11, 100, 154, 150, '2014-12-07', '10:52:37.000000', 0),
(42, 1, 100, 220, 220, '2014-12-07', '10:52:57.000000', 0),
(43, 1, 100, 115, 113, '2014-12-07', '10:49:30.000000', 0),
(45, 1, 100, 185, 185, '2014-12-08', '11:09:39.000000', 0),
(50, 1, 100, 115, 0, '2014-12-11', '17:08:15.000000', 0),
(51, 5, 100, 115, 115, '2014-12-14', '20:22:37.000000', 0),
(52, 1, 100, 160, 160, '2014-12-16', '14:12:06.000000', 0),
(53, 5, 100, 150, 150, '2014-12-25', '09:33:54.000000', 0),
(54, 8, 200, 260, 250, '2015-01-04', '21:41:50.000000', 0),
(55, 11, 200, 272, 272, '2015-02-02', '14:19:16.000000', 0),
(60, 5, 100, 280, 0, '2015-01-04', '19:55:12.000000', 0),
(62, 8, 200, 225, 195, '2015-02-07', '16:29:03.000000', 0);

-- --------------------------------------------------------

--
-- Table structure for table `hmsaaamedicines`
--

CREATE TABLE IF NOT EXISTS `hmsaaamedicines` (
  `MDID` int(20) NOT NULL AUTO_INCREMENT,
  `MDName` varchar(50) NOT NULL,
  `MDUnit` varchar(10) NOT NULL,
  `MDSaleUnitPrice` float NOT NULL,
  `MDSaleLeastUnit` int(20) NOT NULL,
  `MDQuantity` float NOT NULL,
  `MDBarcode` varchar(300) NOT NULL,
  PRIMARY KEY (`MDID`),
  UNIQUE KEY `MDID` (`MDID`),
  UNIQUE KEY `MdBarcode` (`MDBarcode`)
) ENGINE=MyISAM  DEFAULT CHARSET=latin1 AUTO_INCREMENT=19 ;

--
-- Dumping data for table `hmsaaamedicines`
--

INSERT INTO `hmsaaamedicines` (`MDID`, `MDName`, `MDUnit`, `MDSaleUnitPrice`, `MDSaleLeastUnit`, `MDQuantity`, `MDBarcode`) VALUES
(1, 'Paracetamol (15 gm)', 'gm', 6, 15, 3420, '123456700'),
(2, 'Calpol (250 mL)', 'mL', 15, 250, 33500, '123456701'),
(3, 'Disprol (10 gm)', 'gm', 6, 10, 2400, '123456702'),
(4, 'Augmenten (30 gm)', 'gm', 15, 30, 1740, '123456703'),
(5, 'Calpol (500 mL)', 'mL', 30, 500, 4500, '123456704'),
(6, 'Augmenten (10 gm)', 'gm', 5, 10, 800, '123456705'),
(7, 'Paroxetine (15 gm)', 'gm', 12, 15, 4530, '123456706'),
(8, 'Calpol (750 mL)', 'mL', 45, 750, 449250, '123456707'),
(9, 'Augmenten (20 gm)', 'gm', 10, 20, 1480, '123456708'),
(10, 'Paroxetine (10 gm)', 'gm', 8, 10, 9740, '123456709'),
(11, 'Guaifenesin (500 mL)', 'mL', 60, 500, 44500, '123456710'),
(12, 'Paroxetine (25 gm)', 'gm', 20, 25, 1850, '123456711'),
(13, 'Disprol (30 gm)', 'gm', 18, 30, 9030, '123456712'),
(14, 'Chloroquine (10 gm)', 'gm', 18, 10, 7780, '123456713'),
(15, 'Paracetamol (10 gm)', 'gm', 4, 10, 11910, '123456714'),
(16, 'Chloroquine (15 gm)', 'gm', 27, 15, 4275, '123456715'),
(17, 'Disprol (20 gm)', 'gm', 12, 20, 2540, '123456716'),
(18, 'Guaifenesin (750 mL)', 'mL', 90, 750, 14250, '123456717');

-- --------------------------------------------------------

--
-- Table structure for table `hmsaaapbmedicines`
--

CREATE TABLE IF NOT EXISTS `hmsaaapbmedicines` (
  `BMUID` int(20) NOT NULL AUTO_INCREMENT,
  `PRBID` int(20) NOT NULL,
  `MDID` int(20) NOT NULL,
  `PRMDAmountPrescribed` int(30) NOT NULL,
  `PRMDAmountPrescribedPrice` float NOT NULL,
  PRIMARY KEY (`BMUID`),
  UNIQUE KEY `BMUID` (`BMUID`)
) ENGINE=InnoDB  DEFAULT CHARSET=latin1 AUTO_INCREMENT=46 ;

--
-- Dumping data for table `hmsaaapbmedicines`
--

INSERT INTO `hmsaaapbmedicines` (`BMUID`, `PRBID`, `MDID`, `PRMDAmountPrescribed`, `PRMDAmountPrescribedPrice`) VALUES
(1, 24, 4, 2, 15),
(2, 24, 8, 3, 45),
(3, 24, 13, 4, 18),
(4, 28, 4, 2, 15),
(5, 28, 5, 2, 30),
(6, 27, 2, 1, 15),
(7, 26, 9, 1, 10),
(8, 25, 8, 1, 45),
(9, 25, 17, 3, 12),
(10, 25, 3, 5, 6),
(11, 23, 14, 1, 18),
(12, 23, 17, 4, 12),
(13, 29, 4, 2, 15),
(14, 32, 2, 1, 15),
(15, 33, 5, 1, 30),
(16, 31, 8, 1, 45),
(17, 34, 2, 1, 15),
(18, 34, 1, 2, 6),
(19, 35, 9, 1, 10),
(20, 30, 5, 1, 30),
(21, 38, 4, 1, 15),
(22, 43, 2, 1, 15),
(23, 40, 5, 1, 30),
(24, 40, 14, 2, 18),
(25, 39, 9, 1, 10),
(26, 37, 11, 1, 60),
(27, 37, 17, 2, 12),
(28, 41, 16, 2, 27),
(29, 42, 5, 4, 30),
(30, 45, 9, 1, 10),
(31, 45, 4, 2, 15),
(32, 45, 2, 3, 15),
(33, 50, 4, 1, 15),
(34, 51, 6, 3, 5),
(35, 52, 4, 3, 15),
(36, 52, 4, 1, 15),
(37, 53, 6, 5, 5),
(38, 53, 6, 5, 5),
(39, 54, 2, 2, 15),
(40, 54, 9, 3, 10),
(41, 55, 16, 1, 27),
(42, 55, 2, 1, 15),
(43, 55, 5, 1, 30),
(44, 62, 9, 1, 10),
(45, 62, 4, 1, 15);

-- --------------------------------------------------------

--
-- Table structure for table `hmsaaapreb`
--

CREATE TABLE IF NOT EXISTS `hmsaaapreb` (
  `PRBID` int(20) NOT NULL AUTO_INCREMENT,
  `PRBPtID` int(20) NOT NULL,
  `PRBDcID` int(20) NOT NULL,
  `PRImg` varchar(200) NOT NULL,
  `PRBDate` date NOT NULL,
  `PRBTime` time(6) NOT NULL,
  `PRBReachedPharmacy` tinyint(1) NOT NULL,
  UNIQUE KEY `PRBID` (`PRBID`),
  KEY `PRBID_2` (`PRBID`)
) ENGINE=InnoDB  DEFAULT CHARSET=latin1 AUTO_INCREMENT=63 ;

--
-- Dumping data for table `hmsaaapreb`
--

INSERT INTO `hmsaaapreb` (`PRBID`, `PRBPtID`, `PRBDcID`, `PRImg`, `PRBDate`, `PRBTime`, `PRBReachedPharmacy`) VALUES
(55, 11, 10, 'Images/Prescriptions/PRImg5.jpg', '2015-02-02', '13:45:00.000000', 1),
(56, 1, 6, 'Images/Prescriptions/PRImg6.jpg', '2015-01-23', '15:45:00.000000', 0),
(57, 1, 6, 'Images/Prescriptions/PRImg0.jpg', '2015-01-23', '13:15:00.000000', 0),
(58, 5, 6, 'Images/Prescriptions/PRImg1.jpg', '2015-01-23', '13:35:00.000000', 0),
(59, 1, 7, 'Images/Prescriptions/PRImg2.jpg', '2015-01-23', '13:20:00.000000', 0),
(61, 5, 6, 'Images/Prescriptions/PRImg3.jpg', '2015-01-23', '13:25:00.000000', 0),
(62, 8, 7, 'Images/Prescriptions/PRImg4.jpg', '2015-02-07', '13:55:00.000000', 1);

-- --------------------------------------------------------

--
-- Table structure for table `hmsaaausers`
--

CREATE TABLE IF NOT EXISTS `hmsaaausers` (
  `UID` int(20) NOT NULL AUTO_INCREMENT,
  `URID` int(20) NOT NULL,
  `UFNaam` varchar(50) NOT NULL,
  `ULNaam` varchar(50) NOT NULL,
  `UNaam` varchar(50) NOT NULL,
  `UPwd` varchar(50) NOT NULL,
  `UAdress` varchar(100) NOT NULL,
  `UGender` varchar(10) NOT NULL,
  `UAge` date NOT NULL,
  `URegDate` date NOT NULL,
  `UPicture` varchar(100) NOT NULL,
  `UIDCardNumber` varchar(30) NOT NULL,
  `USpeciality` varchar(50) DEFAULT NULL,
  `UDcFee` int(30) NOT NULL,
  PRIMARY KEY (`UID`),
  UNIQUE KEY `UNaam` (`UNaam`),
  UNIQUE KEY `UID` (`UID`),
  UNIQUE KEY `UID_2` (`UID`),
  UNIQUE KEY `UIDCardNumber` (`UIDCardNumber`),
  UNIQUE KEY `UIDCardNumber_2` (`UIDCardNumber`)
) ENGINE=InnoDB  DEFAULT CHARSET=latin1 AUTO_INCREMENT=24 ;

--
-- Dumping data for table `hmsaaausers`
--

INSERT INTO `hmsaaausers` (`UID`, `URID`, `UFNaam`, `ULNaam`, `UNaam`, `UPwd`, `UAdress`, `UGender`, `UAge`, `URegDate`, `UPicture`, `UIDCardNumber`, `USpeciality`, `UDcFee`) VALUES
(1, 2, 'Asif', 'Mehmood', 'TDK-DEC14-001', '001', 'AWAN-HOUSE, USMAN-TOWN, F/A ISB', 'Male', '1988-06-04', '2014-09-14', 'ÿØÿà\0JFIF\0\0\0\0\0\0ÿþ\0*\0ÿâICC_PROFILE\0\0\0lcms\0\0mntrRGB XYZ Ü\0\0\0\0)\09acspAPPL\0\0\0\0\0\0\0\0\0\0\0\0', '38201-12545678-5', NULL, 0),
(2, 3, 'Abdul', 'Rehman', 'rc', 'rc', 'Bani-Chowk, Street # 999', 'Male', '1992-12-10', '2014-09-18', 'ÿØÿà\0JFIF\0\0H\0H\0\0ÿâøICC_PROFILE\0\0\0è\0\0\0\0\0\0\0mntrRGB XYZ Ù\0\0\0\0$\0acsp\0\0\0\0\0\0\0\0\0\0\0\0\0\0\0\0\0\0\0\0\0', '34502-98765432-1', NULL, 0),
(3, 4, 'Awais', 'Khan', 'ph', 'ph', 'Qasim Market, Street # 97', 'Male', '1995-06-17', '2014-09-19', '', '34391-98765432-1', NULL, 0),
(4, 5, 'Maaz', 'Tariq', 'ad', 'ad', '14-P main D-Ground FSB', 'Male', '1985-03-03', '2014-09-24', '', '34502-98765432-5', NULL, 0),
(5, 2, 'Umair', 'Naru', 'TDK-DEC14-002', '002', 'G-6/4, Islamabad', 'Male', '1965-10-15', '2014-09-24', '', '38201-12345678-7', NULL, 0),
(6, 1, 'Farhan', 'Khan', 'frhnkn', '445', 'IQbal-Town, USMAN-TOWN, F/A ISB', 'Male', '1990-04-02', '2014-09-29', '', '37201-12415678-8', 'Dentist', 180),
(7, 1, 'Ali', 'Jibran', 'alijbn', '3535', 'Ali Poor, Tramrhi Chowk, F/A ISB', 'Male', '1989-08-15', '2014-09-30', '', '37201-35355678-0', 'Heart Surgeon', 200),
(8, 2, 'Farhan', 'Anjum', 'TDK-DEC14-003', '003', 'I-10/4, ISB', 'Male', '1995-12-23', '2014-09-19', '', '37201-12345678-0', '', 0),
(9, 5, 'Asif', 'Raza', 'TDK-DEC14-006', '445', 'IQbal-Town, USMAN-TOWN, F/A ISB', 'Male', '1966-12-23', '2014-09-12', '', '37201-12315678-0', '', 0),
(10, 1, 'Waheed', 'Afridi', 'whdafrd', '4452', 'IQbal-Town, USMAN-TOWN, F/A ISB', 'Male', '1977-10-16', '2014-10-01', '', '37201-12345678-2', 'Neurologist', 200),
(11, 2, 'Azhar', 'Mehmood', 'TDK-DEC14-004', '004', 'Khan House, JIBRAN-TOWN, F/A ISB', 'Male', '1980-11-11', '2014-09-14', '', '38201-12345678-9', NULL, 0),
(12, 1, 'Sajid', 'Awan', 'sjdawn', '500', 'jjj, USMAN-TOWN, F/A ISB', 'Male', '1990-12-02', '2014-09-29', '', '37601-12415678-1', 'Psychiatrist', 100),
(13, 1, 'Musawar', 'Ahmed', 'mswrah', 'HPPAVILION', 'mswr, USMAN-TOWN, F/A ISB', 'Female', '1980-10-07', '2014-09-30', '', '37991-12415678-0', 'Psychologist', 150),
(14, 1, 'Bilal', 'Haider', 'bllhdr', '5423', 'Murree Baara Kahu, Mix', 'Male', '1991-11-11', '2014-10-01', '', '37211-12785678-9', 'Gynecologist', 250),
(15, 2, 'Amir', 'Gohar', 'TDK-DEC14-005', '005', 'G-6/2, Islamabad', 'Male', '1984-11-01', '2014-10-01', '', '38201-1456778-7', NULL, 0),
(16, 1, 'Zeshan', 'Mehmood', 'zshnmhmd', '3539', 'Ali Town, Chandni Chowk, RWP', 'Male', '1994-07-09', '2014-10-10', '', '37201-3545600-0', 'Physiologist', 100),
(17, 2, 'Usman', 'Malik', 'TDK-DEC14-007', '007', 'KRL Grammar School, Street # 2', 'Male', '1991-12-11', '2014-12-11', '../Images/UserImages/230310348391_920938631256982_2356964012829844349_n.jpg', '36912-000001-2', '', 0),
(18, 2, 'Waqas', 'Zia', 'TDK-DEC14-008', '008', 'Koh e Noor Mill Ltd, Schem # 5', 'Male', '1991-01-01', '2014-12-11', '../Images/UserImages/819710014540_547178378761928_5784874470422795862_n.jpg', '36912-000001-3', '', 0),
(19, 2, 'Yasmeen', 'Mayraj', 'TDK-DEC14-009', '009', 'Rawal Chowk, ISB', 'Female', '1992-02-02', '2014-12-11', '../Images/UserImages/914010393722_337234663103034_7513341011417587302_n.jpg', '36912-000001-4', '', 0),
(20, 2, 'Farhana', 'Jabeen', 'TDK-DEC14-010', '010', 'Saddar Street # 2, GPO Chowk', 'Female', '1987-07-07', '2014-12-11', '../Images/UserImages/6891959491_539986736147759_2217317613270904901_n.jpg', '36912-000001-5', '', 0),
(21, 2, 'Salman', 'Rooni', 'TDK-DEC14-011', '011', 'Westridge-III, Chairing-cross', 'Male', '1995-08-14', '2014-12-11', '../Images/UserImages/171410401950_549298838549882_320212538015763689_n.jpg', '36912-000001-6', '', 0),
(22, 2, 'Irfan', 'Haider', 'TDK-DEC14-012', '012', 'Dera ghazi Khan, Umar-Town, Street # 4', 'Male', '1977-03-06', '2014-12-11', '../Images/UserImages/311410624913_539987116147721_4881711172768574361_n.jpg', '36912-000001-7', '', 0),
(23, 2, 'Qamar', 'Zaman', 'TDK-DEC14-013', '013', 'Yousuf Town', 'Male', '1990-01-01', '2014-12-11', '../Images/UserImages/769310649883_337194123107088_4012320544302301478_n.jpg', '36912-000001-8', '', 0);

-- --------------------------------------------------------

--
-- Table structure for table `medicine_inventory`
--

CREATE TABLE IF NOT EXISTS `medicine_inventory` (
  `id` int(25) NOT NULL AUTO_INCREMENT,
  `med_name` varchar(25) NOT NULL,
  `price` int(25) NOT NULL,
  `amount` int(25) NOT NULL,
  PRIMARY KEY (`id`),
  UNIQUE KEY `id` (`id`)
) ENGINE=InnoDB  DEFAULT CHARSET=latin1 AUTO_INCREMENT=89 ;

--
-- Dumping data for table `medicine_inventory`
--

INSERT INTO `medicine_inventory` (`id`, `med_name`, `price`, `amount`) VALUES
(66, 'pandol', 5, 25),
(68, 'hsagdhagshgahgdhsa', 25, 25),
(69, 'asadsdasda', 25, 25),
(70, 'disprin', 0, 0),
(71, 'panadol', 1221212, 2121212),
(72, 'dasdas', 0, 0),
(73, 'dfsdfdss', 32332323, 65),
(74, 'fsfsfsfd', 2323232, 32323232),
(75, 'ewewewdw', 383838, 383838),
(76, '323232', 383838, 383838),
(77, '212121212', 383838, 383838),
(78, 's3213213213132', 131316321, 0),
(81, 'panadol', 656565, 65656566),
(85, 'bccvbnvcvbcvb', 2147483647, 656565656),
(86, 'forex', 25, 2065),
(87, 'ght', 2, 4),
(88, 'hmaw', 454, 40);

/*!40101 SET CHARACTER_SET_CLIENT=@OLD_CHARACTER_SET_CLIENT */;
/*!40101 SET CHARACTER_SET_RESULTS=@OLD_CHARACTER_SET_RESULTS */;
/*!40101 SET COLLATION_CONNECTION=@OLD_COLLATION_CONNECTION */;
